ls,"List files and directories."
cd,"Change directory."
pwd,"Print current working directory."
mkdir,"Create a new directory."
rm,"Remove files and directories."
cp,"Copy files and directories."
mv,"Move/rename files and directories."
touch,"Create an empty file or update a file's timestamp."
cat,"Concatenate and display file content."
echo,"Print text to the terminal or a file."
chmod,"Change file permissions."
chown,"Change file owner and group."
df,"Display disk space usage."
du,"Estimate file space usage."
head,"Display the first part of a file."
tail,"Display the last part of a file."
ps,"Display currently running processes."
top,"Display real-time system processes."
kill,"Terminate a process."
grep,"Search for a pattern in files."
find,"Search for files in a directory hierarchy."
locate,"Find files by name."
man,"Display manual for a command."
uname,"Display system information."
whoami,"Print the current user."
history,"Show command history."
uptime,"Show system uptime."
df,"Display disk space usage."
diff,"Compare two files line by line."
ping,"Check the network connection to a host."
tar,"Archive files."
gzip,"Compress files."
unzip,"Extract files from a zip archive."
ssh,"Remote login to another system."
scp,"Securely copy files between systems."
wget,"Download files from the internet."
curl,"Transfer data from or to a server."
